{"info":{"_postman_id":"27bd6844-fb0b-4f4c-acff-a24b656f12b5","name":"Sovellusprojekti","schema":"https://schema.getpostman.com/json/collection/v2.1.0/collection.json"},"item":[{"name":"Login","id":"ea004417-0fea-49ae-968a-f42d82fdb243","protocolProfileBehavior":{"disableBodyPruning":true},"request":{"method":"POST","header":[],"body":{"mode":"urlencoded","urlencoded":[{"key":"username","value":"5432","type":"text"},{"key":"password","value":"1234","type":"text"}]},"url":{"raw":"{{Sovellusprojekti}}/login","host":["{{Sovellusprojekti}}"],"path":["login"],"query":[{"key":"username","value":"5432","disabled":true},{"key":"password","value":"testi","disabled":true}]}},"response":[]},{"name":"lisää kortti","id":"e0ba4fa3-8289-4660-8364-c7ce3c0261e2","protocolProfileBehavior":{"disableBodyPruning":true},"request":{"method":"POST","header":[],"body":{"mode":"urlencoded","urlencoded":[{"key":"idKortti","value":"5432","type":"text"},{"key":"pin","value":"1234","type":"text"},{"key":"Asiakas_idAsiakas","value":"1","type":"text"},{"key":"Tili_idTili","value":"4","type":"text"},{"key":"Tila","value":"1","type":"text"},{"key":"ID","value":"3","type":"text","disabled":true}]},"url":{"raw":"{{Sovellusprojekti}}/asiakas","host":["{{Sovellusprojekti}}"],"path":["asiakas"],"query":[{"key":"","value":"","type":"text","disabled":true},{"key":"","value":"","type":"text","disabled":true}]}},"response":[]},{"name":"Lisaa asiakas oikeasti","id":"e9d45bea-79b9-44d2-95f2-7319ba5dc607","protocolProfileBehavior":{"disableBodyPruning":true},"request":{"method":"GET","header":[],"url":null},"response":[]},{"name":"Lauran kokeilu","id":"e97f41aa-7102-47ec-983a-4ae90db43cc9","protocolProfileBehavior":{"disableBodyPruning":true},"request":{"method":"GET","header":[],"url":{"raw":"http://localhost:3000/pankki","protocol":"http","host":["localhost"],"port":"3000","path":["pankki"]}},"response":[]},{"name":"Hae saldo","id":"404779ad-9619-4529-96b4-2cbaf4db86d2","protocolProfileBehavior":{"disableBodyPruning":true},"request":{"method":"GET","header":[],"body":{"mode":"urlencoded","urlencoded":[{"key":"idKortti","value":"1234","type":"text","disabled":true}]},"url":{"raw":"{{Sovellusprojekti}}/pankki/5432/0","host":["{{Sovellusprojekti}}"],"path":["pankki","5432","0"]}},"response":[]},{"name":"kaikki tilit","id":"17628d18-6349-4478-830f-655f497fdc93","protocolProfileBehavior":{"disableBodyPruning":true},"request":{"method":"GET","header":[],"url":{"raw":"{{Sovellusprojekti}}/pankki/1","host":["{{Sovellusprojekti}}"],"path":["pankki","1"]}},"response":[]},{"name":"Hae asiakkaan nimi","id":"1e7fab25-8185-4da3-9776-34f831334fb4","protocolProfileBehavior":{"disableBodyPruning":true},"request":{"method":"GET","header":[],"body":{"mode":"urlencoded","urlencoded":[{"key":"idAsiakas","value":"1","type":"text","disabled":true}]},"url":{"raw":"{{Sovellusprojekti}}/asiakas/5432","host":["{{Sovellusprojekti}}"],"path":["asiakas","5432"],"query":[{"key":"idAsiakas","value":"1","type":"text","disabled":true}]}},"response":[]},{"name":"Nostarahaa","id":"8df20f4a-81c6-4ee8-bbe3-86598a4a7918","protocolProfileBehavior":{"disableBodyPruning":true},"request":{"method":"POST","header":[],"body":{"mode":"urlencoded","urlencoded":[{"key":"idKortti","value":"5432","type":"text"},{"key":"summa","value":"1","type":"text"}]},"url":{"raw":"{{Sovellusprojekti}}/debitnosto/nostarahaa","host":["{{Sovellusprojekti}}"],"path":["debitnosto","nostarahaa"]}},"response":[]},{"name":"Pano","id":"f8d20bb8-3eed-4f9a-80cd-06c10a318fd1","protocolProfileBehavior":{"disableBodyPruning":true},"request":{"method":"POST","header":[],"body":{"mode":"urlencoded","urlencoded":[{"key":"idKortti","value":"5432","type":"text"},{"key":"summa","value":"2","type":"text"},{"key":"Tila1","value":"0","type":"text"}]},"url":{"raw":"{{Sovellusprojekti}}/pano/panerahaa","host":["{{Sovellusprojekti}}"],"path":["pano","panerahaa"]}},"response":[]},{"name":"Saldotapahtumat limit","id":"75d85014-41c4-45ee-af0a-1ce087cdc01f","protocolProfileBehavior":{"disableBodyPruning":true},"request":{"method":"GET","header":[],"body":{"mode":"urlencoded","urlencoded":[{"key":"idKortti","value":"5432","type":"text"},{"key":"offset","value":"1","type":"text"}]},"url":{"raw":"{{Sovellusprojekti}}/tapahtumat/TapahtumaLisaa","host":["{{Sovellusprojekti}}"],"path":["tapahtumat","TapahtumaLisaa"]}},"response":[]},{"name":"Saldotapahtumat id:llä","id":"ad8a4250-1af8-4844-bbbe-ade8427271a7","protocolProfileBehavior":{"disableBodyPruning":true},"request":{"method":"GET","header":[],"body":{"mode":"urlencoded","urlencoded":[{"key":"idKortti","value":"5432","type":"text","disabled":true}]},"url":{"raw":"{{Sovellusprojekti}}/tapahtumat/saldotapahtuma/5432/0","host":["{{Sovellusprojekti}}"],"path":["tapahtumat","saldotapahtuma","5432","0"]}},"response":[]},{"name":"Saldotapahtuma lisää","id":"86f1342d-f398-4a6e-b4fd-6f9783ba7717","protocolProfileBehavior":{"disableBodyPruning":true},"request":{"method":"POST","header":[],"body":{"mode":"urlencoded","urlencoded":[{"key":"idKortti","value":"5432","type":"text"},{"key":"offset","value":"0","type":"text"},{"key":"Tila1","value":"0","type":"text"}]},"url":{"raw":"{{Sovellusprojekti}}/tapahtumat/TapahtumaLisaa","host":["{{Sovellusprojekti}}"],"path":["tapahtumat","TapahtumaLisaa"]}},"response":[]},{"name":"login/5432","id":"f5afe2db-df27-47d6-8274-0e72b407730a","protocolProfileBehavior":{"disableBodyPruning":true},"request":{"method":"GET","header":[],"body":{"mode":"urlencoded","urlencoded":[{"key":"idKortti","value":"5678","type":"text","disabled":true}]},"url":{"raw":"{{Sovellusprojekti}}/login/5432","host":["{{Sovellusprojekti}}"],"path":["login","5432"]}},"response":[]},{"name":"Lukitus","id":"eeb3953c-c2e4-49b8-a71b-4f82fc799658","protocolProfileBehavior":{"disableBodyPruning":true},"request":{"method":"GET","header":[],"url":null},"response":[]},{"name":"Lukitusavaa","id":"7a3b0812-cc25-4b19-affa-2524d0eb1f62","protocolProfileBehavior":{"disableBodyPruning":true},"request":{"method":"GET","header":[],"url":null},"response":[]},{"name":"Lukituscehck","id":"884ef216-8d9e-4d29-9fae-30a8abd4f98b","protocolProfileBehavior":{"disableBodyPruning":true},"request":{"method":"GET","header":[],"url":{"raw":"{{Sovellusprojekti}}/login/lukittu/5678","host":["{{Sovellusprojekti}}"],"path":["login","lukittu","5678"]}},"response":[]}],"auth":{"type":"basic","basic":[{"key":"password","value":"newPass","type":"string"},{"key":"username","value":"newAdmin","type":"string"}]},"event":[{"listen":"prerequest","script":{"id":"50458e1e-8dad-46f1-8f3d-59051cce3dfc","type":"text/javascript","exec":[""]}},{"listen":"test","script":{"id":"35934841-f484-492f-81f1-338a44415cc3","type":"text/javascript","exec":["pm.test(\"Status code is 200\", function () {","    pm.response.to.have.status(200);","});","pm.test(\"Response time is less than 200ms\", function () {","    pm.expect(pm.response.responseTime).to.be.below(200);","});"]}}]}