{"info":{"_postman_id":"d0d5f047-0d5e-4373-b49d-67c1d319a937","name":"pankki_projekti","schema":"https://schema.getpostman.com/json/collection/v2.1.0/collection.json"},"item":[{"name":"CallCreditTransfer","id":"9d79f0a6-e588-4ae8-8146-a5c8e47ab980","protocolProfileBehavior":{"disableBodyPruning":true},"request":{"method":"POST","header":[],"body":{"mode":"urlencoded","urlencoded":[{"key":"id1","value":"2","type":"text"},{"key":"id2","value":"1","type":"text"},{"key":"summa","value":"100","type":"text"}]},"url":{"raw":"{{base_url}}/bank/credit_transfer","host":["{{base_url}}"],"path":["bank","credit_transfer"]}},"response":[]},{"name":"CallDebitTransfer","id":"a2b110a1-71ff-4e53-bcc4-6a5fd89e5125","protocolProfileBehavior":{"disableBodyPruning":true},"request":{"method":"POST","header":[],"body":{"mode":"urlencoded","urlencoded":[{"key":"id1","value":"1","type":"text"},{"key":"id2","value":"2","type":"text"},{"key":"summa","value":"10","type":"text"}]},"url":{"raw":"{{base_url}}/bank/debit_transfer","host":["{{base_url}}"],"path":["bank","debit_transfer"]}},"response":[]},{"name":"Login","event":[{"listen":"test","script":{"id":"88d52470-a42b-418a-b159-6b10297bdea7","exec":["pm.test(\"Body is correct\", function () {\r","    pm.response.to.have.body(\"true\");\r","});"],"type":"text/javascript"}}],"id":"a8bfb6cb-e163-4c74-b8f5-03c6967bb5d7","protocolProfileBehavior":{"disableBodyPruning":true},"request":{"method":"POST","header":[],"body":{"mode":"urlencoded","urlencoded":[{"key":"username","value":"teppo","type":"text"},{"key":"password","value":"testi","type":"text"}]},"url":{"raw":"http://localhost:3000/login","protocol":"http","host":["localhost"],"port":"3000","path":["login"]}},"response":[]},{"name":"New Request","id":"cf5a1d15-b7e1-436f-b81c-fe60327c639a","protocolProfileBehavior":{"disableBodyPruning":true},"request":{"method":"GET","header":[],"url":null},"response":[]},{"name":"GetOneBook","id":"789913a9-e112-4157-8edc-2aea455eac09","protocolProfileBehavior":{"disableBodyPruning":true},"request":{"method":"GET","header":[],"url":{"raw":"http://localhost:3000/","protocol":"http","host":["localhost"],"port":"3000","path":[""]}},"response":[]},{"name":"lisaa asiakas","id":"f22fec53-829f-483c-a85d-eb99b01edcbb","protocolProfileBehavior":{"disableBodyPruning":true},"request":{"method":"GET","header":[],"body":{"mode":"urlencoded","urlencoded":[{"key":"username","value":"","type":"text"},{"key":"password","value":"","type":"text"}]},"url":{"raw":"{{base_url}}/asiakas?","host":["{{base_url}}"],"path":["asiakas"],"query":[{"key":"","value":null,"type":"text"}]}},"response":[]}],"auth":{"type":"basic","basic":[{"key":"password","value":"newPass","type":"string"},{"key":"username","value":"newAdmin","type":"string"}]},"event":[{"listen":"prerequest","script":{"id":"55d64877-7373-4f72-961b-0036c0a2756e","type":"text/javascript","exec":[""]}},{"listen":"test","script":{"id":"54d52a2e-8f0d-4d7b-94c4-c7f98f75bff8","type":"text/javascript","exec":["pm.test(\"Status code is 200\", function () {","    pm.response.to.have.status(200);","});"]}}]}